scenario,rows,repeat,threshold,vectorized_avg_ms,jit_avg_ms,speedup
projection,10000,5,1000,0.718,0.4866,1.47554
filter,10000,5,1000,0.2734,0.2136,1.27996
mixed,10000,5,1000,0.2676,0.3496,0.765446
